batch_size,trial #,naive obective val,inexact objective val
900,0,11057.0,5316.332991610854
900,1,10272.0,4836.998484958749
900,2,11057.0,5117.759378453344
900,3,11057.0,5744.982526455882
