trial #,naive obective val,inexact objective val
0,11057.0,8903.755434874554
1,10272.0,4709.3702407562
2,9740.0,6396.176272854966
3,11409.0,3741.6588390756115
