batch_size,trial #,naive obective val,inexact objective val
600,0,11057.0,5212.299555628741
600,1,11057.0,6311.692501834867
600,2,10984.681587306826,5939.505284413803
600,3,11057.0,5953.8391218451015
