batch_size,trial #,naive obective val,inexact objective val
400,0,10694.848842118652,6676.30266874297
400,1,11057.0,5674.327990135638
400,2,11057.0,4035.129941780715
400,3,11057.0,4500.8544788932595
