batch_size,trial #,naive obective val,inexact objective val
700,0,11057.0,5231.983154037836
700,1,11057.0,4707.104858073888
700,2,10272.0,4325.6654597866545
700,3,11057.0,4132.695223829587
