trial #,naive obective val,inexact objective val
0,11057.0,5659.3554919204
1,9673.0,7895.152605927196
2,10570.070628787114,7717.240519700654
3,9810.68746098431,7551.952472639632
