trial #,naive obective val,inexact objective val
0,11409.0,6271.965419485858
1,10272.0,7235.099738041186
2,11057.0,6556.4929110983285
3,10731.872398998414,7882.797301243912
