batch_size,trial #,naive obective val,inexact objective val
500,0,9673.0,4726.539101673892
500,1,11057.0,7671.050895274573
500,2,10977.592476601843,6710.215776345698
500,3,11057.0,4636.942475552216
