batch_size,trial #,naive obective val,inexact objective val
300,0,11057.0,5234.425136566515
300,1,11057.0,6135.577385743729
300,2,11057.0,3842.143661432381
300,3,11057.0,7065.392907816788
