batch_size,trial #,naive obective val,inexact objective val
200,0,11057.0,6031.803559827875
200,1,9970.0,5652.033345506961
200,2,9945.114465640547,6008.48587602794
200,3,10272.0,5591.329616618297
