batch_size,trial #,naive obective val,inexact objective val
1000,0,11057.0,5154.678993888452
1000,1,11057.0,6218.646016655763
1000,2,10272.0,4827.432782487584
1000,3,11057.0,5100.584266921653
