batch_size,trial #,naive obective val,inexact objective val
100,0,9802.332924127615,10653.909142220156
100,1,11057.0,8373.83675720211
100,2,11057.0,7329.9429311566455
100,3,11057.0,6740.594676927827
