batch_size,trial #,naive obective val,inexact objective val
800,0,11057.0,5229.548312992698
800,1,10272.0,4299.001103206407
800,2,10976.74995581232,6569.656780282185
800,3,11057.0,6482.617469221741
